accountId,assetId,idType,ISIN,name,currency,type,AssetType,ICADCode,ACUOCategory,ticker,issueDate,maturityDate,settlementTime,price,oriYield,fitchRating,parValue,minUnit,minUnitValue,internalCost,opptCost,yield,futureDays,availableQuantity,deployedQuantity,departedQuantity,arrivingQuantity,reservedQuantity,businessTimeFrom,businessTimeTo,PricingSource
CustodianAccount1A,JP1051231F37,ISIN,JP1051231F37,JAPAN (5 YEAR ISSUE),JPY,BOND,Bond,JP-JGB,Sovereign Bonds,,2015/03/12,2020/03/20,t+2,0.6,0.00614,A,50000,1,50000,0.002,0.002,0,18341,250,0,0,0,0,08:00:00.000,20:00:00.000,Reuters
CustodianAccount1A,JP1051171E30,ISIN,JP1051171E30,JAPAN (2 YEAR ISSUE),JPY,BOND,Bond,JP-JGB,MM Instruments,,2017/03/22,2019/03/20,t+2,0.6,0.00614,A,50000,1,50000,0.002,0.002,0,17975,250,0,0,0,0,08:00:00.000,20:00:00.000,Reuters
CustodianAccount1A,XS1226268735,ISIN,XS1068186227,HONG KONG GOVERNMENT,HKD,BOND,Bond,HK-BILL,Sovereign Bonds,,2014/05/13,2020/01/10,t+2,0.6,0.00614,A+,500000,1,500000,0.002,0.002,0,18271,250,0,0,0,0,08:00:00.000,20:00:00.000,Reuters
CustodianAccount1A,IT0005239022,ISIN,IT0005239022,BUONI ORDINARI DEL TESORO,EUR,BOND,Bond,IT-BOT,MM Instruments,,2017/01/27,2017/07/31,t+2,100.96,-0.00481,BBB+,1000,1,1000,0.002,0.002,0,17378,50000,0,0,0,0,08:00:00.000,20:00:00.000,Reuters
CustodianAccount1A,DE0001135382,ISIN,DE0001135382,BUNDESOBLIGATION,EUR,BOND,Bond,DE-NOTE5.5,Sovereign Bonds,,2009/05/20,2019/07/04,t+2,101.505,-0.00296,AAA,0.01,1,0.01,0.002,0.002,0,18081,5000000000,0,0,0,0,08:00:00.000,20:00:00.000,Reuters
CustodianAccount1A,DE0001135481,ISIN,DE0001135481,GERMAN TREASURY BILL,EUR,BOND,Bond,DE-BILL,Sovereign Bonds,,2012/04/25,2044/07/04,t+2,100.18,-0.00122,AAA,0.01,1,0.01,0.002,0.002,0,27213,5000000000,0,0,0,0,08:00:00.000,20:00:00.000,Reuters
CustodianAccount1A,US912803AY96,ISIN,US912803AY96,UNITED STATES TREASURY,USD,BOND,Bond,US-STRIP,Sovereign Bonds,,1991/11/15,2021/11/15,t+1,92.797,0.01692,AAA,100,1,100,0.002,0.002,0,18946,1000,0,0,0,0,08:00:00.000,20:00:00.000,Reuters
CustodianAccount1A,DE0001104644,ISIN,DE0001104644,BUNDESSCHATZANWEISUNGEN,EUR,BOND,Bond,DE-NOTE2,Sovereign Bonds,,2016/05/11,2018/06/15,t+2,100.343,-0.00147,AAA,0.01,1,0.01,0.002,0.002,0,17697,5000000000,0,0,0,0,08:00:00.000,20:00:00.000,Reuters
CustodianAccount1A,IT0005217390,ISIN,IT0005217390,BUONI POLIENNALI DEL TES,EUR,BOND,Bond,IT-BTP,Sovereign Bonds,,2017/03/30,2067/03/01,t+2,0.6,0.00614,BBB+,1000,1,1000,0.002,0.002,0,35488,50000,0,0,0,0,08:00:00.000,20:00:00.000,Reuters
CustodianAccount1A,DE0001104636,ISIN,DE0001104636,BUNDESSCHATZANWEISUNGEN,EUR,BOND,Bond,DE-NOTE2,MM Instruments,,2016/02/12,2018/03/16,t+2,100.96,-0.00481,AAA,0.01,100000,1000,0.002,0.002,0,17606,5000000000,0,0,0,0,08:00:00.000,20:00:00.000,Reuters
CustodianAccount1A,DE0001141737,ISIN,DE0001141737,BUNDESOBLIGATION,EUR,BOND,Bond,DE-NOTE5.5,Sovereign Bonds,,2016/02/05,2021/04/09,t+2,101.505,-0.00296,AAA,0.01,100000,1000,0.002,0.002,0,18726,5000000000,0,0,0,0,08:00:00.000,20:00:00.000,Reuters
CustodianAccount1A,JP1023561F93,ISIN,JP1023561F93,JAPAN (2 YEAR ISSUE),JPY,BOND,Bond,JP-JGB,MM Instruments,,2015/09/15,2017/09/15,t+2,100.45,-0.00203,A,50000,1,50000,0.002,0.002,0,17424,1000,0,0,0,0,08:00:00.000,20:00:00.000,Reuters
CustodianAccount1A,JP1023621G33,ISIN,JP1023621G33,JAPAN (2 YEAR ISSUE),JPY,BOND,Bond,JP-JGB,MM Instruments,,2016/03/15,2018/03/15,t+2,100.624,-0.00215,A,50000,1,50000,0.002,0.002,0,17605,1000,0,0,0,0,08:00:00.000,20:00:00.000,Reuters
CustodianAccount1A,JP1051161DC4,ISIN,JP1051161DC4,JAPAN (5 YEAR ISSUE),JPY,BOND,Bond,JP-JGB,Sovereign Bonds,,2013/12/20,2018/12/20,t+2,101.153,-0.00218,A,50000,1,50000,0.002,0.002,0,17885,1000,0,0,0,0,08:00:00.000,20:00:00.000,Reuters
CustodianAccount1A,JP1051271G37,ISIN,JP1051271G37,JAPAN (5 YEAR ISSUE),JPY,BOND,Bond,JP-JGB,Sovereign Bonds,,2016/03/22,2021/03/20,t+2,101.568,-0.00211,A,50000,1,50000,0.002,0.002,0,18706,1000,0,0,0,0,08:00:00.000,20:00:00.000,Reuters
CustodianAccount1A,JP1103121AC2,ISIN,JP1103121AC2,JAPAN (10 YEAR ISSUE),JPY,BOND,Bond,JP-JGB,Sovereign Bonds,,2010/12/20,2020/12/20,t+2,106.79,-0.00217,A,50000,1,50000,0.002,0.002,0,18616,1000,0,0,0,0,08:00:00.000,20:00:00.000,Reuters
CustodianAccount1A,IT0004957574,ISIN,IT0004957574,BUONI POLIENNALI DEL TES,EUR,BOND,Bond,IT-BTP,Sovereign Bonds,,2013/09/02,2018/12/01,t+2,109.348,0.00025,BBB+,1000,1,1000,0.002,0.002,0,17866,50000,0,0,0,0,08:00:00.000,20:00:00.000,Reuters
CustodianAccount1A,IT0003644769,ISIN,IT0003644769,BUONI POLIENNALI DEL TES,EUR,BOND,Bond,IT-BTP,Sovereign Bonds,,2004/03/24,2020/02/01,t+2,116.813,0.00132,BBB+,1000,1,1000,0.002,0.002,0,18293,50000,0,0,0,0,08:00:00.000,20:00:00.000,Reuters
CustodianAccount1A,IT0004953417,ISIN,IT0004953417,BUONI POLIENNALI DEL TES,EUR,BOND,Bond,IT-BTP,Sovereign Bonds,,2013/08/01,2024/03/01,t+2,126.703,0.00997,BBB+,1000,1,1000,0.002,0.002,0,19783,50000,0,0,0,0,08:00:00.000,20:00:00.000,Reuters
CustodianAccount1A,IT0001444378,ISIN,IT0001444378,BUONI POLIENNALI DEL TES,EUR,BOND,Bond,IT-BTP,Sovereign Bonds,,2000/03/17,2031/05/01,t+2,155.595,0.01793,BBB+,1000,1,1000,0.002,0.002,0,22400,50000,0,0,0,0,08:00:00.000,20:00:00.000,Reuters
CustodianAccount1B,SG76D1000009,ISIN,SG76D1000009,SINGAPORE T-BILLS,SGD,BOND,Bond,SG-TBILL,MM Instruments,,2017/01/31,2018/01/31,t+1,104.09,0.01191,AAA,1000,1,1000,0.002,0.002,0,17562,50000,0,0,0,0,08:00:00.000,20:00:00.000,Reuters
CustodianAccount1B,SG31A1000000,ISIN,SG31A1000000,SINGAPORE GOVERNMENT,SGD,BOND,Bond,SG-BOND,Sovereign Bonds,,2015/07/07,2020/01/07,t+1,102.473,0.0175,AAA,1000,1,1000,0.002,0.002,0,18268,50000,0,0,0,0,08:00:00.000,20:00:00.000,Reuters
CustodianAccount1B,HK0000284379,ISIN,HK0000284379,HONG KONG T-BILLS,HKD,BOND,Bond,HK-BILL,MM Instruments,,2015/11/18,2017/11/20,t+1,105.105,0.01993,AA+,50000,1,50000,0.002,0.002,0,17490,1000,0,0,0,0,08:00:00.000,20:00:00.000,Reuters
CustodianAccount1B,HK0000304151,ISIN,HK0000304151,HONG KONG GOVERNMENT,HKD,BOND,Bond,HK-NOTE,Sovereign Bonds,,2016/09/28,2018/08/20,t+1,99.625,0.00487,AA+,50000,1,50000,0.002,0.002,0,17763,1000,0,0,0,0,08:00:00.000,20:00:00.000,Reuters
CustodianAccount1B,AU3TB0000143,ISIN,AU3TB0000143,AUSTRALIAN GOVERNMENT,AUD,BOND,Bond,AU-FRB,Sovereign Bonds,,2015/04/01,2024/04/21,t+2,101.795,0.00747,AAA,1000,1,1000,0.002,0.002,0,19834,50000,0,0,0,0,08:00:00.000,20:00:00.000,Reuters
CustodianAccount1B,GB00B39R3F84,ISIN,GB00B39R3F84,UNITED KINGDOM,GBP,BOND,Bond,GB-SUPR2,Sovereign Bonds,,2008/09/25,2019/03/07,t+1,104.09,0.01191,AA,100,0.01,1,0.002,0.002,0,17962,5000000000,0,0,0,0,08:00:00.000,20:00:00.000,Reuters
CustodianAccount1B,SG7S29941612,ISIN,SG7S29941612,SINGAPORE GOVERNMENT,SGD,BOND,Bond,SG-BOND,Sovereign Bonds,,2009/06/01,2019/06/01,t+1,104.09,0.01191,AAA,1000,1,1000,0.002,0.002,0,18048,50000,0,0,0,0,08:00:00.000,20:00:00.000,Reuters
CustodianAccount1B,SG7Y76964295,ISIN,SG7Y76964295,SINGAPORE GOVERNMENT,SGD,BOND,Bond,SG-BOND,Sovereign Bonds,,2011/06/01,2021/06/01,t+1,102.473,0.0175,AAA,1000,1,1000,0.002,0.002,0,18779,50000,0,0,0,0,08:00:00.000,20:00:00.000,Reuters
CustodianAccount1B,SG3260987684,ISIN,SG3260987684,SINGAPORE GOVERNMENT,SGD,BOND,Bond,SG-BOND,Sovereign Bonds,,2013/07/01,2023/07/01,t+1,105.105,0.01993,AAA,1000,1,1000,0.002,0.002,0,19539,50000,0,0,0,0,08:00:00.000,20:00:00.000,Reuters
CustodianAccount1B,HK0000132073,ISIN,HK0000132073,HONG KONG GOVERNMENT,HKD,BOND,Bond,HK-NOTE,Sovereign Bonds,,2012/12/17,2017/12/18,t+1,99.625,0.00487,AA+,50000,1,50000,0.002,0.002,0,17518,1000,0,0,0,0,08:00:00.000,20:00:00.000,Reuters
CustodianAccount1B,HK0000191137,ISIN,HK0000191137,HONG KONG GOVERNMENT,HKD,BOND,Bond,HK-NOTE,Sovereign Bonds,,2014/03/24,2019/03/25,t+1,101.795,0.00747,AA+,50000,1,50000,0.002,0.002,0,17980,1000,0,0,0,0,08:00:00.000,20:00:00.000,Reuters
CustodianAccount1B,XS1122061242,ISIN,XS1122061242,UNITED KINGDOM,CNY,BOND,Bond,GB-SUPR2,Sovereign Bonds,,2014/10/21,2017/10/21,t+2,98.239,0.03854,AA+,10000,1,10000,0.002,0.002,0,17460,5000,0,0,0,0,08:00:00.000,20:00:00.000,Reuters
CustodianAccount1B,GB00B1VWPC84,ISIN,GB00B1VWPC84,UK TSY 5% 2018,GBP,BOND,Bond,GB-SUPR2,Sovereign Bonds,,2007/05/25,2018/03/07,t+1,109.123,0.00325,AA+,0.01,100000,1000,0.002,0.002,0,17597,5000000000,0,0,0,0,08:00:00.000,20:00:00.000,Reuters
CustodianAccount1B,FR0000570947,ISIN,FR0000570947,FRANCE O.A.T. STRIP,EUR,BOND,Bond,FR-STRIP,Sovereign Bonds,,1991/06/12,2019/10/25,t+2,101.02,-0.00282,#N/A N/A,0.25,4000,1000,0.002,0.002,0,18194,200000000,0,0,0,0,08:00:00.000,20:00:00.000,Reuters
CustodianAccount1B,US50064FAJ30,ISIN,US50064FAJ30,REPUBLIC OF KOREA,USD,BOND,Bond,KR-ROK,Sovereign Bonds,,2009/04/16,2019/04/16,t+3,115.858,0.01778,AA-,1000,1,1000,0.002,0.002,0,18002,50000,0,0,0,0,08:00:00.000,20:00:00.000,Reuters
CustodianAccount1B,XS0277265269,ISIN,XS0277265269,REPUBLIC OF KOREA,EUR,BOND,Bond,KR-ROK,Sovereign Bonds,,2006/12/07,2021/12/07,t+2,121.387,0.00446,AA-,1000,1,1000,0.002,0.002,0,18968,50000,0,0,0,0,08:00:00.000,20:00:00.000,Reuters
CustodianAccount1B,KR103501G4C0,ISIN,KR103501G4C0,KOREA TREASURY BOND,KRW,BOND,Bond,KR-BOND,Sovereign Bonds,,2014/12/02,2017/12/10,t+1,101.388,0.01511,AA,10000,1,10000,0.002,0.002,0,17510,5000,0,0,0,0,08:00:00.000,20:00:00.000,Reuters
CustodianAccount1B,KR103501G5C7,ISIN,KR103501G5C7,KOREA TREASURY BOND,KRW,BOND,Bond,KR-BOND,Sovereign Bonds,,2015/09/01,2018/12/10,t+1,101.148,0.01503,AA,10000,1,10000,0.002,0.002,0,17875,5000,0,0,0,0,08:00:00.000,20:00:00.000,Reuters
CustodianAccount1B,KR1035027062,ISIN,KR1035027062,KOREA TREASURY BOND,KRW,BOND,Bond,KR-BOND,Sovereign Bonds,,2010/06/22,2020/06/10,t+1,115.239,0.01596,AA,10000,1,10000,0.002,0.002,0,18423,5000,0,0,0,0,08:00:00.000,20:00:00.000,Reuters
CustodianAccount1D,SGD,CASH,,Singapore Dollar,SGD,CASH,Cash,SG-CASH,CASH,,,,t+0,1,0,,1,0.01,0.01,0.006,0.006,0,,500000000,0,0,0,10000,08:00:00.000,20:00:00.000,DataScope
CustodianAccount1D,JPY,CASH,,Japanese Yen,JPY,CASH,Cash,JP-CASH,CASH,,,,t+0,1,0,,1,0.01,0.01,0.006,0.006,0,,50000000000,0,0,0,0,08:00:00.000,20:00:00.000,DataScope
CustodianAccount1D,USD,CASH,,US Dollar,USD,CASH,Cash,US-CASH,CASH,,,,t+0,1,0,,1,0.01,0.01,0.01,0.01,0,,5000000000,0,0,0,0,08:00:00.000,20:00:00.000,DataScope
CustodianAccount1D,GBP,CASH,,British Pound,GBP,CASH,Cash,GB-CASH,CASH,,,,t+0,1,0,,1,0.01,0.01,0.006,0.006,0,,500000000,0,0,0,0,08:00:00.000,20:00:00.000,DataScope
CustodianAccount1D,EUR,CASH,,Euro,EUR,CASH,Cash,EU-CASH,CASH,,,,t+0,1,0,,1,0.01,0.01,0.004,0.004,0,,500000000,0,0,0,0,08:00:00.000,20:00:00.000,DataScope
CustodianAccount1E,CNY,CASH,,Onshore Chinese Renminbi,CNY,CASH,Cash,CN-CASH,CASH,,,,t+0,1,0,,1,0.01,0.01,0.006,0.006,0,,500000000,0,0,0,0,08:00:00.000,20:00:00.000,DataScope
CustodianAccount1E,AUD,CASH,,Australian Dollar,AUD,CASH,Cash,AU-CASH,CASH,,,,t+0,1,0,,1,0.01,0.01,0.018,0.018,0,,500000000,0,0,0,0,08:00:00.000,20:00:00.000,DataScope
CustodianAccount1E,HKD,CASH,,Hongkong Dollar,HKD,CASH,Cash,HK-CASH,CASH,,,,t+0,1,0,,1,0.01,0.01,0.01,0.01,0,,500000000,0,0,0,0,08:00:00.000,20:00:00.000,DataScope
CustodianAccount1E,CAD,CASH,,Canadian Dollar,CAD,CASH,Cash,CA-CASH,CASH,,,,t+0,1,0,,1,0.01,0.01,0.01,0.01,0,,500000000,0,0,0,0,08:00:00.000,20:00:00.000,DataScope
CustodianAccount1E,NOK,CASH,,Norwegian Krone,NOK,CASH,Cash,NO-CASH,CASH,,,,t+0,1,0,,1,0.01,0.01,0.01,0.01,0,,5000000000,0,0,0,0,08:00:00.000,20:00:00.000,DataScope
CustodianAccount1E,SEK,CASH,,Swedish Krona,SEK,CASH,Cash,SE-CASH,CASH,,,,t+0,1,0,,1,0.01,0.01,0.01,0.01,0,,5000000000,0,0,0,0,08:00:00.000,20:00:00.000,DataScope
CustodianAccount1E,KRW,CASH,,South Korea Won,KRW,CASH,Cash,KR-CASH,CASH,,,,t+0,1,0,,1,0.01,0.01,0.01,0.01,0,,5000000000,0,0,0,0,08:00:00.000,20:00:00.000,DataScope
CustodianAccount1E,NZD,CASH,,New Zealand Dollar,NZD,CASH,Cash,NZ-CASH,CASH,,,,t+0,1,0,,1,0.01,0.01,0.01,0.01,0,,500000000,0,0,0,0,08:00:00.000,20:00:00.000,DataScope
CustodianAccount1F,CA13506ZCC64,ISIN,CA13506ZCC64,CANADA (GOVERNMENT),CAD,BOND,Bond,CA-BOND,Sovereign Bonds,,1993/02/09,2017/01/12,t+3,98.62,2.814105687,AAA,1000,1,1000,0.002,0.002,0,17178,1000,0,0,0,0,08:00:00.000,20:00:00.000,Reuters
CustodianAccount1F,CA13506ZCD48,ISIN,CA13506ZCD48,CANADA (GOVERNMENT),CAD,BOND,Bond,CA-BOND,Sovereign Bonds,,1993/02/09,2018/01/06,t+3,98.102,1.930753179,AAA,1000,1,1000,0.002,0.002,0,17537,1000,0,0,0,0,08:00:00.000,20:00:00.000,Reuters
CustodianAccount1F,CA13506ZCE21,ISIN,CA13506ZCE21,CANADA (GOVERNMENT),CAD,BOND,Bond,CA-BOND,Sovereign Bonds,,1993/02/09,2018/01/12,t+3,97.753,1.523625506,AAA,1000,1,1000,0.002,0.002,0,17543,1000,0,0,0,0,08:00:00.000,20:00:00.000,Reuters
CustodianAccount1F,CA13506ZCF95,ISIN,CA13506ZCF95,CANADA (GOVERNMENT),CAD,BOND,Bond,CA-BOND,Sovereign Bonds,,1993/02/09,2019/01/06,t+3,96.985,1.538675525,AAA,1000,1,1000,0.002,0.002,0,17902,1000,0,0,0,0,08:00:00.000,20:00:00.000,Reuters
CustodianAccount1F,CA13506ZCG78,ISIN,CA13506ZCG78,CANADA (GOVERNMENT),CAD,BOND,Bond,CA-BOND,Sovereign Bonds,,1993/02/09,2019/01/12,t+3,96.5925,1.393110225,AAA,1000,1,1000,0.002,0.002,0,17908,1000,0,0,0,0,08:00:00.000,20:00:00.000,Reuters
CustodianAccount1F,CA13506ZCH51,ISIN,CA13506ZCH51,CANADA (GOVERNMENT),CAD,BOND,Bond,CA-BOND,Sovereign Bonds,,1993/02/09,2020/01/06,t+3,96.4125,1.222642931,AAA,1000,1,1000,0.002,0.002,0,18267,1000,0,0,0,0,08:00:00.000,20:00:00.000,Reuters
CustodianAccount1F,CA13506ZES98,ISIN,CA13506ZES98,CANADA (GOVERNMENT),CAD,BOND,Bond,CA-BOND,Sovereign Bonds,,2004/02/24,2030/01/12,t+3,71.527,2.498162345,AAA,1000,1,1000,0.002,0.002,0,21926,1000,0,0,0,0,08:00:00.000,20:00:00.000,Reuters
CustodianAccount1F,CA13506ZEU45,ISIN,CA13506ZEU45,CANADA (GOVERNMENT),CAD,BOND,Bond,CA-BOND,Sovereign Bonds,,2004/02/24,2031/01/12,t+3,68.977,2.578319699,AAA,1000,1,1000,0.002,0.002,0,22291,1000,0,0,0,0,08:00:00.000,20:00:00.000,Reuters
CustodianAccount1F,CA135087A875,ISIN,CA135087A875,CANADA (GOVERNMENT),CAD,BOND,Bond,CA-BOND,Sovereign Bonds,,2012/11/13,2018/01/03,t+2,100.488,0.597,AAA,1000,1,1000,0.002,0.002,0,17534,1000,0,0,0,0,08:00:00.000,20:00:00.000,Reuters
CustodianAccount1F,CA135087C939,ISIN,CA135087C939,CANADA (GOVERNMENT),CAD,BOND,Bond,CA-BOND,Sovereign Bonds,,2014/01/05,2064/01/12,t+3,122.641,2.008,AAA,1000,1,1000,0.002,0.002,0,34344,1000,0,0,0,0,08:00:00.000,20:00:00.000,Reuters
CustodianAccount1F,CA135087F585,ISIN,CA135087F585,CANADA (GOVERNMENT),CAD,BOND,Bond,CA-BOND,Sovereign Bonds,,2016/11/04,2021/01/09,t+3,99.394,0.896,AAA,1000,1,1000,0.002,0.002,0,18636,1000,0,0,0,0,08:00:00.000,20:00:00.000,Reuters
CustodianAccount1F,CA135087WL43,ISIN,CA135087WL43,CANADA (GOVERNMENT),CAD,BOND,Bond,CA-BOND,Sovereign Bonds,,1998/02/02,2029/01/06,t+3,145.371,1.583,AAA,1000,1,1000,0.002,0.002,0,21555,1000,0,0,0,0,08:00:00.000,20:00:00.000,Reuters
CustodianAccount1F,DE0001108504,ISIN,DE0001108504,"GERMANY, FEDERAL REPUBLIC OF (GOVERNMENT)",EUR,BOND,Bond,DE-BOND,Sovereign Bonds,,2007/01/26,2039/04/07,t+2,79.739,1.030201019,AAA,0.01,1,0.01,0.002,0.002,0,25298,500000000,0,0,0,0,08:00:00.000,20:00:00.000,Reuters
CustodianAccount1F,DE0001108520,ISIN,DE0001108520,"GERMANY, FEDERAL REPUBLIC OF (GOVERNMENT)",EUR,BOND,Bond,DE-BOND,Sovereign Bonds,,2007/11/16,2018/04/01,t+2,100.473,-0.791853611,AAA,0.01,1,0.01,0.002,0.002,0,17622,500000000,0,0,0,0,08:00:00.000,20:00:00.000,Reuters
CustodianAccount1F,DE0001108595,ISIN,DE0001108595,"GERMANY, FEDERAL REPUBLIC OF (GOVERNMENT)",EUR,BOND,Bond,DE-BOND,Sovereign Bonds,,2010/04/07,2042/04/07,t+2,75.2055,1.142149459,AAA,0.01,1,0.01,0.002,0.002,0,26394,500000000,0,0,0,0,08:00:00.000,20:00:00.000,Reuters
CustodianAccount1F,DE0001108603,ISIN,DE0001108603,"GERMANY, FEDERAL REPUBLIC OF (GOVERNMENT)",EUR,BOND,Bond,DE-BOND,Sovereign Bonds,,2010/08/20,2020/04/09,t+2,102.1245,-0.642732472,AAA,0.01,1,0.01,0.002,0.002,0,18361,500000000,0,0,0,0,08:00:00.000,20:00:00.000,Reuters
CustodianAccount1F,DE0001108611,ISIN,DE0001108611,"GERMANY, FEDERAL REPUBLIC OF (GOVERNMENT)",EUR,BOND,Bond,DE-BOND,Sovereign Bonds,,2010/11/26,2021/04/01,t+2,102.281,-0.625483495,AAA,0.01,1,0.01,0.002,0.002,0,18718,500000000,0,0,0,0,08:00:00.000,20:00:00.000,Reuters
CustodianAccount1F,DE0001108751,ISIN,DE0001108751,"GERMANY, FEDERAL REPUBLIC OF (GOVERNMENT)",EUR,BOND,Bond,DE-BOND,Sovereign Bonds,,2014/05/23,2024/05/15,t+2,100.8235,-0.117876344,AAA,0.01,1,0.01,0.002,0.002,0,19858,500000000,0,0,0,0,08:00:00.000,20:00:00.000,Reuters
CustodianAccount1F,DE0001108769,ISIN,DE0001108769,"GERMANY, FEDERAL REPUBLIC OF (GOVERNMENT)",EUR,BOND,Bond,DE-BOND,Sovereign Bonds,,2014/12/09,2024/08/15,t+2,100.605,-0.08367588,AAA,0.01,1,0.01,0.002,0.002,0,19950,500000000,0,0,0,0,08:00:00.000,20:00:00.000,Reuters
CustodianAccount1F,DE0001108777,ISIN,DE0001108777,"GERMANY, FEDERAL REPUBLIC OF (GOVERNMENT)",EUR,BOND,Bond,DE-BOND,Sovereign Bonds,,2015/01/16,2025/02/15,t+2,99.856,0.018693246,AAA,0.01,1,0.01,0.002,0.002,0,20134,500000000,0,0,0,0,08:00:00.000,20:00:00.000,Reuters
CustodianAccount1F,DE0001135069,ISIN,DE0001135069,"GERMANY, FEDERAL REPUBLIC OF (GOVERNMENT)",EUR,BOND,Bond,DE-BOND,Sovereign Bonds,,1998/01/23,2028/04/01,t+2,154.959,0.335770176,AAA,0.01,1,0.01,0.002,0.002,0,21275,500000000,0,0,0,0,08:00:00.000,20:00:00.000,Reuters
CustodianAccount1F,DE0001135416,ISIN,DE0001135416,"GERMANY, FEDERAL REPUBLIC OF (GOVERNMENT)",EUR,BOND,Bond,DE-BOND,Sovereign Bonds,,2010/08/20,2020/04/09,t+2,109.566,-0.643561291,AAA,0.01,1,0.01,0.002,0.002,0,18361,500000000,0,0,0,0,08:00:00.000,20:00:00.000,Reuters
CustodianAccount1F,DE0001135424,ISIN,DE0001135424,"GERMANY, FEDERAL REPUBLIC OF (GOVERNMENT)",EUR,BOND,Bond,DE-BOND,Sovereign Bonds,,2010/11/26,2021/04/01,t+2,111.376,-0.619392154,AAA,0.01,1,0.01,0.002,0.002,0,18718,500000000,0,0,0,0,08:00:00.000,20:00:00.000,Reuters
CustodianAccount1F,DE0001141661,ISIN,DE0001141661,"GERMANY, FEDERAL REPUBLIC OF (GOVERNMENT)",EUR,BOND,Bond,DE-NOTE5.5,Sovereign Bonds,,2013/10/05,2018/04/13,t+2,100.888,-0.76861296,AAA,0.01,1,0.01,0.002,0.002,0,17634,500000000,0,0,0,0,08:00:00.000,20:00:00.000,Reuters
CustodianAccount1F,DK0009918138,ISIN,DK0009918138,"DENMARK, KINGDOM OF (GOVERNMENT)",DKK,BOND,Bond,DK-BOND,Sovereign Bonds,,1994/11/04,2024/10/11,t+2,151.677,0.044611951,AAA,0.01,1,0.01,0.002,0.002,0,20007,500000000,0,0,0,0,08:00:00.000,20:00:00.000,Reuters
CustodianAccount1F,FR0000570897,ISIN,FR0000570897,"FRANCE, REPUBLIC OF (GOVERNMENT)",EUR,BOND,Bond,FR-STRIP,Sovereign Bonds,,1992/11/05,2018/04/25,t+2,100.435,-0.481855646,AA,0.25,1,0.25,0.002,0.002,0,17646,100000,0,0,0,0,08:00:00.000,20:00:00.000,Reuters
CustodianAccount1F,FR0000570905,ISIN,FR0000570905,"FRANCE, REPUBLIC OF (GOVERNMENT)",EUR,BOND,Bond,FR-STRIP,Sovereign Bonds,,1991/12/06,2018/10/25,t+2,100.735,-0.521714346,AA,0.25,1,0.25,0.002,0.002,0,17829,100000,0,0,0,0,08:00:00.000,20:00:00.000,Reuters
CustodianAccount1F,FR0000571069,ISIN,FR0000571069,"FRANCE, REPUBLIC OF (GOVERNMENT)",EUR,BOND,Bond,FR-STRIP,Sovereign Bonds,,1992/11/05,2023/04/25,t+2,100.075,-0.012709243,AA,0.25,1,0.25,0.002,0.002,0,19472,100000,0,0,0,0,08:00:00.000,20:00:00.000,Reuters
CustodianAccount1F,FR0000578593,ISIN,FR0000578593,"FRANCE, REPUBLIC OF (GOVERNMENT)",EUR,BOND,Bond,FR-STRIP,Sovereign Bonds,,2001/12/06,2031/10/25,t+2,83.17,1.287970188,AA,0.25,1,0.25,0.002,0.002,0,22577,100000,0,0,0,0,08:00:00.000,20:00:00.000,Reuters
CustodianAccount1F,FR0000578601,ISIN,FR0000578601,"FRANCE, REPUBLIC OF (GOVERNMENT)",EUR,BOND,Bond,FR-STRIP,Sovereign Bonds,,2001/12/06,2032/10/25,t+2,81.135,1.366760816,AA,0.25,1,0.25,0.002,0.002,0,22943,100000,0,0,0,0,08:00:00.000,20:00:00.000,Reuters
CustodianAccount1F,FR0010482547,ISIN,FR0010482547,"FRANCE, REPUBLIC OF (GOVERNMENT)",EUR,BOND,Bond,FR-STRIP,Sovereign Bonds,,2007/03/14,2026/07/25,t+2,92.995,0,AA,0.25,1,0.25,0.002,0.002,0,20659,100000,0,0,0,0,08:00:00.000,20:00:00.000,Reuters
CustodianAccount1F,GB0030883150,ISIN,GB0030883150,UNITED KINGDOM OF GREAT BRITAIN AND NORTHERN IRELAND (GOVERNMENT),GBP,BOND,Bond,GB-GILT,Sovereign Bonds,,2002/02/04,2018/07/09,t+1,99.947,0.041779889,AA,0.01,1,0.01,0.002,0.002,0,17721,500000000,0,0,0,0,08:00:00.000,20:00:00.000,Reuters
CustodianAccount1F,GB0030883267,ISIN,GB0030883267,UNITED KINGDOM OF GREAT BRITAIN AND NORTHERN IRELAND (GOVERNMENT),GBP,BOND,Bond,GB-GILT,Sovereign Bonds,,2002/02/04,2019/07/03,t+1,99.9075,0.052319827,AA,0.01,1,0.01,0.002,0.002,0,18080,500000000,0,0,0,0,08:00:00.000,20:00:00.000,Reuters
CustodianAccount1F,GB0030883606,ISIN,GB0030883606,UNITED KINGDOM OF GREAT BRITAIN AND NORTHERN IRELAND (GOVERNMENT),GBP,BOND,Bond,GB-GILT,Sovereign Bonds,,2002/02/04,2020/07/09,t+1,99.454,0.167550225,AA,0.01,1,0.01,0.002,0.002,0,18452,500000000,0,0,0,0,08:00:00.000,20:00:00.000,Reuters
CustodianAccount1F,GB0030883713,ISIN,GB0030883713,UNITED KINGDOM OF GREAT BRITAIN AND NORTHERN IRELAND (GOVERNMENT),GBP,BOND,Bond,GB-GILT,Sovereign Bonds,,2002/02/04,2021/07/03,t+1,99.174,0.220186252,AA,0.01,1,0.01,0.002,0.002,0,18811,500000000,0,0,0,0,08:00:00.000,20:00:00.000,Reuters
CustodianAccount1F,GB00B0BDTB14,ISIN,GB00B0BDTB14,UNITED KINGDOM OF GREAT BRITAIN AND NORTHERN IRELAND (GOVERNMENT),GBP,BOND,Bond,GB-GILT,Sovereign Bonds,,2005/07/12,2048/07/06,t+1,58.6665,1.726671162,AA,0.01,1,0.01,0.002,0.002,0,28676,500000000,0,0,0,0,08:00:00.000,20:00:00.000,Reuters
CustodianAccount1F,GB00B1HYR000,ISIN,GB00B1HYR000,UNITED KINGDOM OF GREAT BRITAIN AND NORTHERN IRELAND (GOVERNMENT),GBP,BOND,Bond,GB-GILT,Sovereign Bonds,,2006/06/09,2027/07/12,t+1,88.7665,1.136004721,AA,0.01,1,0.01,0.002,0.002,0,21011,500000000,0,0,0,0,08:00:00.000,20:00:00.000,Reuters
CustodianAccount1F,HK0000047131,ISIN,HK0000047131,HONG KONG SPECIAL ADMINISTRATIVE REGION OF THE PEOPLE'S REPUBLIC OF CHINA,HKD,BOND,Bond,HK-NOTE,Sovereign Bonds,,2008/06/25,2018/06/25,t+1,103.284,0.475412407,AA+,50000,1,50000,0.002,0.002,0,17707,1000,0,0,0,0,08:00:00.000,20:00:00.000,Reuters
CustodianAccount1F,HK0000053535,ISIN,HK0000053535,HONG KONG SPECIAL ADMINISTRATIVE REGION OF THE PEOPLE'S REPUBLIC OF CHINA,HKD,BOND,Bond,HK-NOTE,Sovereign Bonds,,2009/09/06,2019/10/06,t+1,104.184,0.562354436,AA+,50000,1,50000,0.002,0.002,0,18175,1000,0,0,0,0,08:00:00.000,20:00:00.000,Reuters
CustodianAccount1F,HK0000159993,ISIN,HK0000159993,HONG KONG SPECIAL ADMINISTRATIVE REGION OF THE PEOPLE'S REPUBLIC OF CHINA,HKD,BOND,Bond,HK-NOTE,Sovereign Bonds,,2013/08/22,2028/08/22,t+1,112.418,1.303709995,AA+,50000,1,50000,0.002,0.002,0,21418,1000,0,0,0,0,08:00:00.000,20:00:00.000,Reuters
CustodianAccount1F,HK0000164167,ISIN,HK0000164167,HONG KONG SPECIAL ADMINISTRATIVE REGION OF THE PEOPLE'S REPUBLIC OF CHINA,HKD,BOND,Bond,HK-NOTE,Sovereign Bonds,,2013/09/25,2018/09/25,t+1,101.408,0.451949739,AA+,50000,1,50000,0.002,0.002,0,17799,1000,0,0,0,0,08:00:00.000,20:00:00.000,Reuters
CustodianAccount1F,NO0010646813,ISIN,NO0010646813,"NORWAY, KINGDOM OF (GOVERNMENT)",NOK,BOND,Bond,NO-BOND,Sovereign Bonds,,2012/05/24,2023/05/24,t+2,105.105,1.11255351,AAA,1000,1,1000,0.002,0.002,0,19501,1000,0,0,0,0,08:00:00.000,20:00:00.000,Reuters
CustodianAccount1F,NO0010780984,ISIN,NO0010780984,"NORWAY, KINGDOM OF (GOVERNMENT)",NOK,BOND,Bond,NO-TBILL,MM Instruments,,2016/12/21,2017/12/20,t+2,99.7795,0.399664669,AAA,1000,1,1000,0.002,0.002,0,17520,1000,0,0,0,0,08:00:00.000,20:00:00.000,Reuters
CustodianAccount1F,SG7928920854,ISIN,SG7928920854,"SINGAPORE, REPUBLIC OF (GOVERNMENT)",SGD,BOND,Bond,SG-BOND,Sovereign Bonds,,2005/01/09,2020/01/09,t+1,106.09,1.330277132,AAA,1000,1,1000,0.002,0.002,0,18270,1000,0,0,0,0,08:00:00.000,20:00:00.000,Reuters
CustodianAccount1F,SG7J28931946,ISIN,SG7J28931946,"SINGAPORE, REPUBLIC OF (GOVERNMENT)",SGD,BOND,Bond,SG-BOND,Sovereign Bonds,,2007/03/09,2022/01/09,t+1,107.47,1.63482643,AAA,1000,1,1000,0.002,0.002,0,19001,1000,0,0,0,0,08:00:00.000,20:00:00.000,Reuters
CustodianAccount1F,US912796LC15,ISIN,US912796LC15,UNITED STATES TREASURY,USD,BOND,Bond,US-TBILL,MM Instruments,,2017/05/01,2018/04/01,t+1,1.05,1.070462053,AAA,100,1,100,0.002,0.002,0,17622,1000,0,0,0,0,08:00:00.000,20:00:00.000,Reuters
CustodianAccount1F,US912796LJ67,ISIN,US912796LJ67,UNITED STATES TREASURY,USD,BOND,Bond,US-TBILL,MM Instruments,,2017/02/02,2018/01/02,t+1,1.0475,1.068233186,AAA,100,1,100,0.002,0.002,0,17533,1000,0,0,0,0,08:00:00.000,20:00:00.000,Reuters
CustodianAccount1F,US912803AT02,ISIN,US912803AT02,UNITED STATES TREASURY,USD,BOND,Bond,US-STRIP,Sovereign Bonds,,1990/05/15,2020/05/15,t+1,95.762,1.470078714,AAA,100,1,100,0.002,0.002,0,18397,1000,0,0,0,0,08:00:00.000,20:00:00.000,Reuters
CustodianAccount1F,US912803AU74,ISIN,US912803AU74,UNITED STATES TREASURY,USD,BOND,Bond,US-STRIP,Sovereign Bonds,,1990/08/15,2020/08/15,t+1,95.2435,1.523978021,AAA,100,1,100,0.002,0.002,0,18489,1000,0,0,0,0,08:00:00.000,20:00:00.000,Reuters
CustodianAccount1F,US912803DQ36,ISIN,US912803DQ36,UNITED STATES TREASURY,USD,BOND,Bond,US-STRIP,Sovereign Bonds,,2011/02/15,2041/02/15,t+1,50.202,2.927661161,AAA,100,1,100,0.002,0.002,0,25978,1000,0,0,0,0,08:00:00.000,20:00:00.000,Reuters
CustodianAccount1F,XS1202689888,ISIN,XS1202689888,BANK OF ENGLAND,USD,BOND,Bond,GB-GILT,Sovereign Bonds,,2015/03/16,2018/03/16,t+2,99.955,1.30669214,AA,1000,1,1000,0.002,0.002,0,17606,1000,0,0,0,0,08:00:00.000,20:00:00.000,Reuters
CustodianAccount1F,XS1378790262,ISIN,XS1378790262,BANK OF ENGLAND,USD,BOND,Bond,GB-GILT,Sovereign Bonds,,2016/03/14,2019/03/14,t+2,99.605,1.47457026,AA,1000,1,1000,0.002,0.002,0,17969,1000,0,0,0,0,08:00:00.000,20:00:00.000,Reuters
