accountId,assetId,issuerSector,issuerCountryCode,idType,name,currency,type,AssetType,ICADCode,ACUOCategory,ticker,issueDate,maturityDate,settlementTime,price,oriYield,fitchRating,parValue,minUnit,minUnitValue,internalCost,opptCost,yield,futureDays,availableQuantity,deployedQuantity,departedQuantity,arrivingQuantity,reservedQuantity,businessTimeFrom,businessTimeTo,PricingSource
CustodianAccount1AP,JP1051231F37,SOVERGRN,JP,ISIN,JAPAN (5 YEAR ISSUE),JPY,BOND,GOVT,JP-JGB,Sovereign Bonds,,2015/03/12,2020/03/20,t+2,0.6,0.00614,A,50000,1,50000,0.002,0.002,0,18341,250,0,0,0,0,08:00:00.000,20:00:00.000,Reuters
CustodianAccount1AP,JP1051171E30,SOVERGRN,JP,ISIN,JAPAN (2 YEAR ISSUE),JPY,BOND,GOVT,JP-JGB,MM Instruments,,2017/03/22,2019/03/20,t+2,0.6,0.00614,A,50000,1,50000,0.002,0.002,0,17975,250,0,0,0,0,08:00:00.000,20:00:00.000,Reuters
CustodianAccount1AP,XS1226268735,AGENCY,HK,ISIN,HONG KONG GOVERNMENT,HKD,BOND,GOVT,HK-BILL,Sovereign Bonds,,2014/05/13,2020/01/10,t+2,0.6,0.00614,A+,500000,1,500000,0.002,0.002,0,18271,250,0,0,0,0,08:00:00.000,20:00:00.000,Reuters
CustodianAccount1AP,IT0003493258,SOVERGRN,IT,ISIN,"ITALY, REPUBLIC OF (GOVERNMENT)",EUR,BOND,GOVT,IT-BOT,Sovereign Bonds,,2003/06/25,2019/02/01,t+2,100.96,-0.00481,BBB,1000,1,1000,0.002,0.002,0,17378,50000,0,0,0,0,08:00:00.000,20:00:00.000,Reuters
CustodianAccount1AP,DE0001135382,SOVERGRN,DE,ISIN,BUNDESOBLIGATION,EUR,BOND,GOVT,DE-NOTE5.5,Sovereign Bonds,,2009/05/20,2019/07/04,t+2,101.505,-0.00296,AAA,0.01,1,0.01,0.002,0.002,0,18081,5000000000,0,0,0,0,08:00:00.000,20:00:00.000,Reuters
CustodianAccount1AP,DE0001135481,SOVERGRN,DE,ISIN,GERMAN TREASURY BILL,EUR,BOND,GOVT,DE-BILL,Sovereign Bonds,,2012/04/25,2044/07/04,t+2,100.18,-0.00122,AAA,0.01,1,0.01,0.002,0.002,0,27213,5000000000,0,0,0,0,08:00:00.000,20:00:00.000,Reuters
CustodianAccount1AP,US912803AY96,SOVERGRN,US,ISIN,UNITED STATES TREASURY,USD,BOND,GOVT,US-STRIP,Sovereign Bonds,,1991/11/15,2021/11/15,t+1,92.797,0.01692,AAA,100,1,100,0.002,0.002,0,18946,1000,0,0,0,0,08:00:00.000,20:00:00.000,Reuters
CustodianAccount1AP,DE0001104644,SOVERGRN,DE,ISIN,BUNDESSCHATZANWEISUNGEN,EUR,BOND,GOVT,DE-NOTE2,Sovereign Bonds,,2016/05/11,2018/06/15,t+2,100.343,-0.00147,AAA,0.01,1,0.01,0.002,0.002,0,17697,5000000000,0,0,0,0,08:00:00.000,20:00:00.000,Reuters
CustodianAccount1AP,IT0005217390,SOVERGRN,IT,ISIN,BUONI POLIENNALI DEL TES,EUR,BOND,GOVT,IT-BTP,Sovereign Bonds,,2017/03/30,2067/03/01,t+2,0.6,0.00614,BBB+,1000,1,1000,0.002,0.002,0,35488,50000,0,0,0,0,08:00:00.000,20:00:00.000,Reuters
CustodianAccount1AP,DE0001104636,SOVERGRN,DE,ISIN,BUNDESSCHATZANWEISUNGEN,EUR,BOND,GOVT,DE-NOTE2,MM Instruments,,2016/02/12,2018/03/16,t+2,100.96,-0.00481,AAA,0.01,100000,1000,0.002,0.002,0,17606,5000000000,0,0,0,0,08:00:00.000,20:00:00.000,Reuters
CustodianAccount1AP,DE0001141737,SOVERGRN,DE,ISIN,BUNDESOBLIGATION,EUR,BOND,GOVT,DE-NOTE5.5,Sovereign Bonds,,2016/02/05,2021/04/09,t+2,101.505,-0.00296,AAA,0.01,100000,1000,0.002,0.002,0,18726,5000000000,0,0,0,0,08:00:00.000,20:00:00.000,Reuters
CustodianAccount1AP,JP1140791H12,SOVERGRN,JP,ISIN,JAPAN (GOVERNMENT),JPY,BOND,GOVT,JP-JGB,Sovereign Bonds,,2017/01/16,2020/01/15,t+2,100.45,-0.00203,A,50000,1,50000,0.002,0.002,0,17424,1000,0,0,0,0,08:00:00.000,20:00:00.000,Reuters
CustodianAccount1AP,JP1023621G33,SOVERGRN,JP,ISIN,JAPAN (2 YEAR ISSUE),JPY,BOND,GOVT,JP-JGB,MM Instruments,,2016/03/15,2018/03/15,t+2,100.624,-0.00215,A,50000,1,50000,0.002,0.002,0,17605,1000,0,0,0,0,08:00:00.000,20:00:00.000,Reuters
CustodianAccount1AP,JP1051161DC4,SOVERGRN,JP,ISIN,JAPAN (5 YEAR ISSUE),JPY,BOND,GOVT,JP-JGB,Sovereign Bonds,,2013/12/20,2018/12/20,t+2,101.153,-0.00218,A,50000,1,50000,0.002,0.002,0,17885,1000,0,0,0,0,08:00:00.000,20:00:00.000,Reuters
CustodianAccount1AP,JP1051271G37,SOVERGRN,JP,ISIN,JAPAN (5 YEAR ISSUE),JPY,BOND,GOVT,JP-JGB,Sovereign Bonds,,2016/03/22,2021/03/20,t+2,101.568,-0.00211,A,50000,1,50000,0.002,0.002,0,18706,1000,0,0,0,0,08:00:00.000,20:00:00.000,Reuters
CustodianAccount1AP,JP1103121AC2,SOVERGRN,JP,ISIN,JAPAN (10 YEAR ISSUE),JPY,BOND,GOVT,JP-JGB,Sovereign Bonds,,2010/12/20,2020/12/20,t+2,106.79,-0.00217,A,50000,1,50000,0.002,0.002,0,18616,1000,0,0,0,0,08:00:00.000,20:00:00.000,Reuters
CustodianAccount1AP,IT0004957574,SOVERGRN,IT,ISIN,BUONI POLIENNALI DEL TES,EUR,BOND,GOVT,IT-BTP,Sovereign Bonds,,2013/09/02,2018/12/01,t+2,109.348,0.00025,BBB+,1000,1,1000,0.002,0.002,0,17866,50000,0,0,0,0,08:00:00.000,20:00:00.000,Reuters
CustodianAccount1AP,IT0003644769,SOVERGRN,IT,ISIN,BUONI POLIENNALI DEL TES,EUR,BOND,GOVT,IT-BTP,Sovereign Bonds,,2004/03/24,2020/02/01,t+2,116.813,0.00132,BBB+,1000,1,1000,0.002,0.002,0,18293,50000,0,0,0,0,08:00:00.000,20:00:00.000,Reuters
CustodianAccount1AP,IT0004953417,SOVERGRN,IT,ISIN,BUONI POLIENNALI DEL TES,EUR,BOND,GOVT,IT-BTP,Sovereign Bonds,,2013/08/01,2024/03/01,t+2,126.703,0.00997,BBB+,1000,1,1000,0.002,0.002,0,19783,50000,0,0,0,0,08:00:00.000,20:00:00.000,Reuters
CustodianAccount1AP,IT0001444378,SOVERGRN,IT,ISIN,BUONI POLIENNALI DEL TES,EUR,BOND,GOVT,IT-BTP,Sovereign Bonds,,2000/03/17,2031/05/01,t+2,155.595,0.01793,BBB+,1000,1,1000,0.002,0.002,0,22400,50000,0,0,0,0,08:00:00.000,20:00:00.000,Reuters
CustodianAccount1BP,SG76D1000009,SOVERGRN,SG,ISIN,SINGAPORE T-BILLS,SGD,BOND,GOVT,SG-TBILL,MM Instruments,,2017/01/31,2018/01/31,t+1,104.09,0.01191,AAA,1000,1,1000,0.002,0.002,0,17562,50000,0,0,0,0,08:00:00.000,20:00:00.000,Reuters
CustodianAccount1BP,SG31A1000000,SOVERGRN,SG,ISIN,SINGAPORE GOVERNMENT,SGD,BOND,GOVT,SG-BOND,Sovereign Bonds,,2015/07/07,2020/01/07,t+1,102.473,0.0175,AAA,1000,1,1000,0.002,0.002,0,18268,50000,0,0,0,0,08:00:00.000,20:00:00.000,Reuters
CustodianAccount1BP,HK0000339298,SOVERGRN,HK,ISIN,HONG KONG SPECIAL ADMINISTRATIVE REGION OF THE PEOPLES REPUBLIC OF CHINA,HKD,BOND,GOVT,HK-BILL,Sovereign Bonds,,2017/05/08,2022/05/18,t+1,105.105,0.01993,AA+,50000,1,50000,0.002,0.002,0,17490,1000,0,0,0,0,08:00:00.000,20:00:00.000,Reuters
CustodianAccount1BP,HK0000304151,SOVERGRN,HK,ISIN,HONG KONG GOVERNMENT,HKD,BOND,GOVT,HK-NOTE,Sovereign Bonds,,2016/09/28,2018/08/20,t+1,99.625,0.00487,AA+,50000,1,50000,0.002,0.002,0,17763,1000,0,0,0,0,08:00:00.000,20:00:00.000,Reuters
CustodianAccount1BP,AU3TB0000143,SOVERGRN,AU,ISIN,AUSTRALIAN GOVERNMENT,AUD,BOND,GOVT,AU-FRB,Sovereign Bonds,,2015/04/01,2024/04/21,t+2,101.795,0.00747,AAA,1000,1,1000,0.002,0.002,0,19834,50000,0,0,0,0,08:00:00.000,20:00:00.000,Reuters
CustodianAccount1BP,GB00B39R3F84,SOVERGRN,GB,ISIN,UNITED KINGDOM,GBP,BOND,GOVT,GB-SUPR2,Sovereign Bonds,,2008/09/25,2019/03/07,t+1,104.09,0.01191,AA,100,0.01,1,0.002,0.002,0,17962,5000000000,0,0,0,0,08:00:00.000,20:00:00.000,Reuters
CustodianAccount1BP,SG7S29941612,SOVERGRN,SG,ISIN,SINGAPORE GOVERNMENT,SGD,BOND,GOVT,SG-BOND,Sovereign Bonds,,2009/06/01,2019/06/01,t+1,104.09,0.01191,AAA,1000,1,1000,0.002,0.002,0,18048,50000,0,0,0,0,08:00:00.000,20:00:00.000,Reuters
CustodianAccount1BP,SG7Y76964295,SOVERGRN,SG,ISIN,SINGAPORE GOVERNMENT,SGD,BOND,GOVT,SG-BOND,Sovereign Bonds,,2011/06/01,2021/06/01,t+1,102.473,0.0175,AAA,1000,1,1000,0.002,0.002,0,18779,50000,0,0,0,0,08:00:00.000,20:00:00.000,Reuters
CustodianAccount1BP,SG3260987684,SOVERGRN,SG,ISIN,SINGAPORE GOVERNMENT,SGD,BOND,GOVT,SG-BOND,Sovereign Bonds,,2013/07/01,2023/07/01,t+1,105.105,0.01993,AAA,1000,1,1000,0.002,0.002,0,19539,50000,0,0,0,0,08:00:00.000,20:00:00.000,Reuters
CustodianAccount1BP,US45905AMJ42,SPRA,US,ISIN,INTERNATIONAL BANK FOR RECONSTRUCTION AND DEVELOPMENT,USD,BOND,OTHR,US-NOTE,Sovereign Bonds,,1990/03/08,2020/03/09,t+2,99.625,0.00487,AAA,50000,1,50000,0.002,0.002,0,17518,1000,0,0,0,0,08:00:00.000,20:00:00.000,Reuters
CustodianAccount1BP,HK0000191137,SOVERGRN,HK,ISIN,HONG KONG GOVERNMENT,HKD,BOND,GOVT,HK-NOTE,Sovereign Bonds,,2014/03/24,2019/03/25,t+1,101.795,0.00747,AA+,50000,1,50000,0.002,0.002,0,17980,1000,0,0,0,0,08:00:00.000,20:00:00.000,Reuters
CustodianAccount1BP,XS0877608124,AGENCY,NEDERLANDSE,ISIN,BANK NEDERLANDSE GEMEENTEN NV,USD,BOND,AGNC,NL-BOND,Sovereign Bonds,,2013/01/23,2023/01/23,t+2,98.239,0.03854,AA+,10000,1,10000,0.002,0.002,0,17460,5000,0,0,0,0,08:00:00.000,20:00:00.000,Reuters
CustodianAccount1BP,GB00B1VWPC84,SOVERGRN,GB,ISIN,UK TSY 5% 2018,GBP,BOND,GOVT,GB-SUPR2,Sovereign Bonds,,2007/05/25,2018/03/07,t+1,109.123,0.00325,AA+,0.01,100000,1000,0.002,0.002,0,17597,5000000000,0,0,0,0,08:00:00.000,20:00:00.000,Reuters
CustodianAccount1BP,FR0000570947,SOVERGRN,FR,ISIN,FRANCE O.A.T. STRIP,EUR,BOND,GOVT,FR-STRIP,Sovereign Bonds,,1991/06/12,2019/10/25,t+2,101.02,-0.00282,#N/A N/A,0.25,4000,1000,0.002,0.002,0,18194,200000000,0,0,0,0,08:00:00.000,20:00:00.000,Reuters
CustodianAccount1BP,US50064FAJ30,SOVERGRN,KR,ISIN,REPUBLIC OF KOREA,USD,BOND,GOVT,KR-ROK,Sovereign Bonds,,2009/04/16,2019/04/16,t+3,115.858,0.01778,AA-,1000,1,1000,0.002,0.002,0,18002,50000,0,0,0,0,08:00:00.000,20:00:00.000,Reuters
CustodianAccount1BP,XS0277265269,SOVERGRN,KR,ISIN,REPUBLIC OF KOREA,EUR,BOND,GOVT,KR-ROK,Sovereign Bonds,,2006/12/07,2021/12/07,t+2,121.387,0.00446,AA-,1000,1,1000,0.002,0.002,0,18968,50000,0,0,0,0,08:00:00.000,20:00:00.000,Reuters
CustodianAccount1BP,KR1017014021,SOVERGRN,KR,ISIN,Government of the Republic of Korea,KRW,BOND,GOVT,KR-BOND,Sovereign Bonds,,2010/02/28,2020/02/29,t+1,101.388,0.01511,AA-,10000,1,10000,0.002,0.002,0,17510,5000,0,0,0,0,08:00:00.000,20:00:00.000,Reuters
CustodianAccount1BP,KR103501G5C7,SOVERGRN,KR,ISIN,KOREA TREASURY BOND,KRW,BOND,GOVT,KR-BOND,Sovereign Bonds,,2015/09/01,2018/12/10,t+1,101.148,0.01503,AA,10000,1,10000,0.002,0.002,0,17875,5000,0,0,0,0,08:00:00.000,20:00:00.000,Reuters
CustodianAccount1BP,KR1035027062,SOVERGRN,KR,ISIN,KOREA TREASURY BOND,KRW,BOND,GOVT,KR-BOND,Sovereign Bonds,,2010/06/22,2020/06/10,t+1,115.239,0.01596,AA,10000,1,10000,0.002,0.002,0,18423,5000,0,0,0,0,08:00:00.000,20:00:00.000,Reuters
CustodianAccount1DP,SGD,,,CASH,Singapore Dollar,SGD,CASH,Cash,SG-CASH,CASH,,,,t+0,1,0,,1,0.01,0.01,0.002,0.002,0,,500000000,0,0,0,10000,08:00:00.000,20:00:00.000,DataScope
CustodianAccount1DP,JPY,,,CASH,Japanese Yen,JPY,CASH,Cash,JP-CASH,CASH,,,,t+0,1,0,,1,0.01,0.01,0.002,0.002,0,,50000000000,0,0,0,0,08:00:00.000,20:00:00.000,DataScope
CustodianAccount1DP,USD,,,CASH,US Dollar,USD,CASH,Cash,US-CASH,CASH,,,,t+0,1,0,,1,0.01,0.01,0.002,0.002,0,,5000000000,0,0,0,0,08:00:00.000,20:00:00.000,DataScope
CustodianAccount1DP,GBP,,,CASH,British Pound,GBP,CASH,Cash,GB-CASH,CASH,,,,t+0,1,0,,1,0.01,0.01,0.002,0.002,0,,500000000,0,0,0,0,08:00:00.000,20:00:00.000,DataScope
CustodianAccount1DP,EUR,,,CASH,Euro,EUR,CASH,Cash,EU-CASH,CASH,,,,t+0,1,0,,1,0.01,0.01,0.004,0.004,0,,500000000,0,0,0,0,08:00:00.000,20:00:00.000,DataScope
CustodianAccount1EP,CNY,,,CASH,Onshore Chinese Renminbi,CNY,CASH,Cash,CN-CASH,CASH,,,,t+0,1,0,,1,0.01,0.01,0.002,0.002,0,,500000000,0,0,0,0,08:00:00.000,20:00:00.000,DataScope
CustodianAccount1EP,AUD,,,CASH,Australian Dollar,AUD,CASH,Cash,AU-CASH,CASH,,,,t+0,1,0,,1,0.01,0.01,0.002,0.002,0,,500000000,0,0,0,0,08:00:00.000,20:00:00.000,DataScope
CustodianAccount1EP,HKD,,,CASH,Hongkong Dollar,HKD,CASH,Cash,HK-CASH,CASH,,,,t+0,1,0,,1,0.01,0.01,0.002,0.002,0,,500000000,0,0,0,0,08:00:00.000,20:00:00.000,DataScope
CustodianAccount1EP,CAD,,,CASH,Canadian Dollar,CAD,CASH,Cash,CA-CASH,CASH,,,,t+0,1,0,,1,0.01,0.01,0.002,0.002,0,,500000000,0,0,0,0,08:00:00.000,20:00:00.000,DataScope
CustodianAccount1EP,NOK,,,CASH,Norwegian Krone,NOK,CASH,Cash,NO-CASH,CASH,,,,t+0,1,0,,1,0.01,0.01,0.002,0.002,0,,5000000000,0,0,0,0,08:00:00.000,20:00:00.000,DataScope
CustodianAccount1EP,SEK,,,CASH,Swedish Krona,SEK,CASH,Cash,SE-CASH,CASH,,,,t+0,1,0,,1,0.01,0.01,0.002,0.002,0,,5000000000,0,0,0,0,08:00:00.000,20:00:00.000,DataScope
CustodianAccount1EP,KRW,,,CASH,South Korea Won,KRW,CASH,Cash,KR-CASH,CASH,,,,t+0,1,0,,1,0.01,0.01,0.002,0.002,0,,5000000000,0,0,0,0,08:00:00.000,20:00:00.000,DataScope
CustodianAccount1EP,NZD,,,CASH,New Zealand Dollar,NZD,CASH,Cash,NZ-CASH,CASH,,,,t+0,1,0,,1,0.01,0.01,0.002,0.002,0,,500000000,0,0,0,0,08:00:00.000,20:00:00.000,DataScope
CustodianAccount1FP,CA13501ZEU99,SOVERGRN,CA,ISIN,CANADA (GOVERNMENT),CAD,BOND,GOVT,CA-BOND,Sovereign Bonds,,2/10/1995,6/1/2025,t+2,98.62,2.814105687,AAA,1000,1,1000,0.002,0.002,0,17178,1000,0,0,0,0,08:00:00.000,20:00:00.000,Reuters
CustodianAccount1FP,CA13506ZCD48,SOVERGRN,CA,ISIN,CANADA (GOVERNMENT),CAD,BOND,GOVT,CA-BOND,Sovereign Bonds,,2/9/1993,1/6/2018,t+2,98.102,1.930753179,AAA,1000,1,1000,0.002,0.002,0,17537,1000,0,0,0,0,08:00:00.000,20:00:00.000,Reuters
CustodianAccount1FP,CA13506ZCF95,SOVERGRN,CA,ISIN,CANADA (GOVERNMENT),CAD,BOND,GOVT,CA-BOND,Sovereign Bonds,,2/9/1993,1/6/2019,t+2,96.985,1.538675525,AAA,1000,1,1000,0.002,0.002,0,17902,1000,0,0,0,0,08:00:00.000,20:00:00.000,Reuters
CustodianAccount1FP,CA13506ZCG78,SOVERGRN,CA,ISIN,CANADA (GOVERNMENT),CAD,BOND,GOVT,CA-BOND,Sovereign Bonds,,2/9/1993,1/12/2019,t+2,96.5925,1.393110225,AAA,1000,1,1000,0.002,0.002,0,17908,1000,0,0,0,0,08:00:00.000,20:00:00.000,Reuters
CustodianAccount1FP,CA13506ZCH51,SOVERGRN,CA,ISIN,CANADA (GOVERNMENT),CAD,BOND,GOVT,CA-BOND,Sovereign Bonds,,2/9/1993,1/6/2020,t+2,96.4125,1.222642931,AAA,1000,1,1000,0.002,0.002,0,18267,1000,0,0,0,0,08:00:00.000,20:00:00.000,Reuters
CustodianAccount1FP,CA13506ZES98,SOVERGRN,CA,ISIN,CANADA (GOVERNMENT),CAD,BOND,GOVT,CA-BOND,Sovereign Bonds,,2/24/2004,1/12/2030,t+3,71.527,2.498162345,AAA,1000,1,1000,0.002,0.002,0,21926,1000,0,0,0,0,08:00:00.000,20:00:00.000,Reuters
CustodianAccount1FP,CA13506ZEU45,SOVERGRN,CA,ISIN,CANADA (GOVERNMENT),CAD,BOND,GOVT,CA-BOND,Sovereign Bonds,,2/24/2004,1/12/2031,t+3,68.977,2.578319699,AAA,1000,1,1000,0.002,0.002,0,22291,1000,0,0,0,0,08:00:00.000,20:00:00.000,Reuters
CustodianAccount1FP,CA135087A875,SOVERGRN,CA,ISIN,CANADA (GOVERNMENT),CAD,BOND,GOVT,CA-BOND,Sovereign Bonds,,11/13/2012,1/3/2018,t+2,100.488,0.597,AAA,1000,1,1000,0.002,0.002,0,17534,1000,0,0,0,0,08:00:00.000,20:00:00.000,Reuters
CustodianAccount1FP,CA135087C939,SOVERGRN,CA,ISIN,CANADA (GOVERNMENT),CAD,BOND,GOVT,CA-BOND,Sovereign Bonds,,1/5/2014,1/12/2064,t+3,122.641,2.008,AAA,1000,1,1000,0.002,0.002,0,34344,1000,0,0,0,0,08:00:00.000,20:00:00.000,Reuters
CustodianAccount1FP,CA135087F585,SOVERGRN,CA,ISIN,CANADA (GOVERNMENT),CAD,BOND,GOVT,CA-BOND,Sovereign Bonds,,11/4/2016,1/9/2021,t+3,99.394,0.896,AAA,1000,1,1000,0.002,0.002,0,18636,1000,0,0,0,0,08:00:00.000,20:00:00.000,Reuters
CustodianAccount1FP,CA135087WL43,SOVERGRN,CA,ISIN,CANADA (GOVERNMENT),CAD,BOND,GOVT,CA-BOND,Sovereign Bonds,,2/2/1998,1/6/2029,t+3,145.371,1.583,AAA,1000,1,1000,0.002,0.002,0,21555,1000,0,0,0,0,08:00:00.000,20:00:00.000,Reuters
CustodianAccount1FP,DE0001108504,SOVERGRN,DE,ISIN,"GERMANY, FEDERAL REPUBLIC OF (GOVERNMENT)",EUR,BOND,GOVT,DE-BOND,Sovereign Bonds,,1/26/2007,4/7/2039,t+2,79.739,1.030201019,AAA,0.01,1,0.01,0.002,0.002,0,25298,500000000,0,0,0,0,08:00:00.000,20:00:00.000,Reuters
CustodianAccount1FP,DE0001108520,SOVERGRN,DE,ISIN,"GERMANY, FEDERAL REPUBLIC OF (GOVERNMENT)",EUR,BOND,GOVT,DE-BOND,Sovereign Bonds,,11/16/2007,4/1/2018,t+2,100.473,-0.791853611,AAA,0.01,1,0.01,0.002,0.002,0,17622,500000000,0,0,0,0,08:00:00.000,20:00:00.000,Reuters
CustodianAccount1FP,DE0001108595,SOVERGRN,DE,ISIN,"GERMANY, FEDERAL REPUBLIC OF (GOVERNMENT)",EUR,BOND,GOVT,DE-BOND,Sovereign Bonds,,4/7/2010,4/7/2042,t+2,75.2055,1.142149459,AAA,0.01,1,0.01,0.002,0.002,0,26394,500000000,0,0,0,0,08:00:00.000,20:00:00.000,Reuters
CustodianAccount1FP,DE0001108603,SOVERGRN,DE,ISIN,"GERMANY, FEDERAL REPUBLIC OF (GOVERNMENT)",EUR,BOND,GOVT,DE-BOND,Sovereign Bonds,,8/20/2010,4/9/2020,t+2,102.1245,-0.642732472,AAA,0.01,1,0.01,0.002,0.002,0,18361,500000000,0,0,0,0,08:00:00.000,20:00:00.000,Reuters
CustodianAccount1FP,DE0001108611,SOVERGRN,DE,ISIN,"GERMANY, FEDERAL REPUBLIC OF (GOVERNMENT)",EUR,BOND,GOVT,DE-BOND,Sovereign Bonds,,11/26/2010,4/1/2021,t+2,102.281,-0.625483495,AAA,0.01,1,0.01,0.002,0.002,0,18718,500000000,0,0,0,0,08:00:00.000,20:00:00.000,Reuters
CustodianAccount1FP,DE0001108751,SOVERGRN,DE,ISIN,"GERMANY, FEDERAL REPUBLIC OF (GOVERNMENT)",EUR,BOND,GOVT,DE-BOND,Sovereign Bonds,,5/23/2014,5/15/2024,t+2,100.8235,-0.117876344,AAA,0.01,1,0.01,0.002,0.002,0,19858,500000000,0,0,0,0,08:00:00.000,20:00:00.000,Reuters
CustodianAccount1FP,DE0001108769,SOVERGRN,DE,ISIN,"GERMANY, FEDERAL REPUBLIC OF (GOVERNMENT)",EUR,BOND,GOVT,DE-BOND,Sovereign Bonds,,12/9/2014,8/15/2024,t+2,100.605,-0.08367588,AAA,0.01,1,0.01,0.002,0.002,0,19950,500000000,0,0,0,0,08:00:00.000,20:00:00.000,Reuters
CustodianAccount1FP,DE0001108777,SOVERGRN,DE,ISIN,"GERMANY, FEDERAL REPUBLIC OF (GOVERNMENT)",EUR,BOND,GOVT,DE-BOND,Sovereign Bonds,,1/16/2015,2/15/2025,t+2,99.856,0.018693246,AAA,0.01,1,0.01,0.002,0.002,0,20134,500000000,0,0,0,0,08:00:00.000,20:00:00.000,Reuters
CustodianAccount1FP,DE0001135069,SOVERGRN,DE,ISIN,"GERMANY, FEDERAL REPUBLIC OF (GOVERNMENT)",EUR,BOND,GOVT,DE-BOND,Sovereign Bonds,,1/23/1998,4/1/2028,t+2,154.959,0.335770176,AAA,0.01,1,0.01,0.002,0.002,0,21275,500000000,0,0,0,0,08:00:00.000,20:00:00.000,Reuters
CustodianAccount1FP,DE0001135416,SOVERGRN,DE,ISIN,"GERMANY, FEDERAL REPUBLIC OF (GOVERNMENT)",EUR,BOND,GOVT,DE-BOND,Sovereign Bonds,,8/20/2010,4/9/2020,t+2,109.566,-0.643561291,AAA,0.01,1,0.01,0.002,0.002,0,18361,500000000,0,0,0,0,08:00:00.000,20:00:00.000,Reuters
CustodianAccount1FP,DE0001135424,SOVERGRN,DE,ISIN,"GERMANY, FEDERAL REPUBLIC OF (GOVERNMENT)",EUR,BOND,GOVT,DE-BOND,Sovereign Bonds,,11/26/2010,4/1/2021,t+2,111.376,-0.619392154,AAA,0.01,1,0.01,0.002,0.002,0,18718,500000000,0,0,0,0,08:00:00.000,20:00:00.000,Reuters
CustodianAccount1FP,DE0001141661,SOVERGRN,DE,ISIN,"GERMANY, FEDERAL REPUBLIC OF (GOVERNMENT)",EUR,BOND,GOVT,DE-NOTE5.5,Sovereign Bonds,,10/5/2013,4/13/2018,t+2,100.888,-0.76861296,AAA,0.01,1,0.01,0.002,0.002,0,17634,500000000,0,0,0,0,08:00:00.000,20:00:00.000,Reuters
CustodianAccount1FP,DK0009918138,SOVERGRN,DK,ISIN,"DENMARK, KINGDOM OF (GOVERNMENT)",DKK,BOND,GOVT,DK-BOND,Sovereign Bonds,,11/4/1994,10/11/2024,t+2,151.677,0.044611951,AAA,0.01,1,0.01,0.002,0.002,0,20007,500000000,0,0,0,0,08:00:00.000,20:00:00.000,Reuters
CustodianAccount1FP,FR0000570897,SOVERGRN,FR,ISIN,"FRANCE, REPUBLIC OF (GOVERNMENT)",EUR,BOND,GOVT,FR-STRIP,Sovereign Bonds,,11/5/1992,4/25/2018,t+2,100.435,-0.481855646,AA,0.25,1,0.25,0.002,0.002,0,17646,100000,0,0,0,0,08:00:00.000,20:00:00.000,Reuters
CustodianAccount1FP,FR0000570905,SOVERGRN,FR,ISIN,"FRANCE, REPUBLIC OF (GOVERNMENT)",EUR,BOND,GOVT,FR-STRIP,Sovereign Bonds,,12/6/1991,10/25/2018,t+2,100.735,-0.521714346,AA,0.25,1,0.25,0.002,0.002,0,17829,100000,0,0,0,0,08:00:00.000,20:00:00.000,Reuters
CustodianAccount1FP,FR0000571069,SOVERGRN,FR,ISIN,"FRANCE, REPUBLIC OF (GOVERNMENT)",EUR,BOND,GOVT,FR-STRIP,Sovereign Bonds,,11/5/1992,4/25/2023,t+2,100.075,-0.012709243,AA,0.25,1,0.25,0.002,0.002,0,19472,100000,0,0,0,0,08:00:00.000,20:00:00.000,Reuters
CustodianAccount1FP,FR0000578593,SOVERGRN,FR,ISIN,"FRANCE, REPUBLIC OF (GOVERNMENT)",EUR,BOND,GOVT,FR-STRIP,Sovereign Bonds,,12/6/2001,10/25/2031,t+2,83.17,1.287970188,AA,0.25,1,0.25,0.002,0.002,0,22577,100000,0,0,0,0,08:00:00.000,20:00:00.000,Reuters
CustodianAccount1FP,FR0000578601,SOVERGRN,FR,ISIN,"FRANCE, REPUBLIC OF (GOVERNMENT)",EUR,BOND,GOVT,FR-STRIP,Sovereign Bonds,,12/6/2001,10/25/2032,t+2,81.135,1.366760816,AA,0.25,1,0.25,0.002,0.002,0,22943,100000,0,0,0,0,08:00:00.000,20:00:00.000,Reuters
CustodianAccount1FP,FR0010482547,SOVERGRN,FR,ISIN,"FRANCE, REPUBLIC OF (GOVERNMENT)",EUR,BOND,GOVT,FR-STRIP,Sovereign Bonds,,3/14/2007,7/25/2026,t+2,92.995,0,AA,0.25,1,0.25,0.002,0.002,0,20659,100000,0,0,0,0,08:00:00.000,20:00:00.000,Reuters
CustodianAccount1FP,GB0030883150,SOVERGRN,GB,ISIN,UNITED KINGDOM OF GREAT BRITAIN AND NORTHERN IRELAND (GOVERNMENT),GBP,BOND,GOVT,GB-GILT,Sovereign Bonds,,2/4/2002,7/9/2018,t+1,99.947,0.041779889,AA,0.01,1,0.01,0.002,0.002,0,17721,500000000,0,0,0,0,08:00:00.000,20:00:00.000,Reuters
CustodianAccount1FP,GB0030883267,SOVERGRN,GB,ISIN,UNITED KINGDOM OF GREAT BRITAIN AND NORTHERN IRELAND (GOVERNMENT),GBP,BOND,GOVT,GB-GILT,Sovereign Bonds,,2/4/2002,7/3/2019,t+1,99.9075,0.052319827,AA,0.01,1,0.01,0.002,0.002,0,18080,500000000,0,0,0,0,08:00:00.000,20:00:00.000,Reuters
CustodianAccount1FP,GB0030883606,SOVERGRN,GB,ISIN,UNITED KINGDOM OF GREAT BRITAIN AND NORTHERN IRELAND (GOVERNMENT),GBP,BOND,GOVT,GB-GILT,Sovereign Bonds,,2/4/2002,7/9/2020,t+1,99.454,0.167550225,AA,0.01,1,0.01,0.002,0.002,0,18452,500000000,0,0,0,0,08:00:00.000,20:00:00.000,Reuters
CustodianAccount1FP,GB0030883713,SOVERGRN,GB,ISIN,UNITED KINGDOM OF GREAT BRITAIN AND NORTHERN IRELAND (GOVERNMENT),GBP,BOND,GOVT,GB-GILT,Sovereign Bonds,,2/4/2002,7/3/2021,t+1,99.174,0.220186252,AA,0.01,1,0.01,0.002,0.002,0,18811,500000000,0,0,0,0,08:00:00.000,20:00:00.000,Reuters
CustodianAccount1FP,GB00B0BDTB14,SOVERGRN,GB,ISIN,UNITED KINGDOM OF GREAT BRITAIN AND NORTHERN IRELAND (GOVERNMENT),GBP,BOND,GOVT,GB-GILT,Sovereign Bonds,,7/12/2005,7/6/2048,t+1,58.6665,1.726671162,AA,0.01,1,0.01,0.002,0.002,0,28676,500000000,0,0,0,0,08:00:00.000,20:00:00.000,Reuters
CustodianAccount1FP,GB00B1HYR000,SOVERGRN,GB,ISIN,UNITED KINGDOM OF GREAT BRITAIN AND NORTHERN IRELAND (GOVERNMENT),GBP,BOND,GOVT,GB-GILT,Sovereign Bonds,,6/9/2006,7/12/2027,t+1,88.7665,1.136004721,AA,0.01,1,0.01,0.002,0.002,0,21011,500000000,0,0,0,0,08:00:00.000,20:00:00.000,Reuters
CustodianAccount1FP,HK0000047131,SOVERGRN,HK,ISIN,HONG KONG SPECIAL ADMINISTRATIVE REGION OF THE PEOPLE'S REPUBLIC OF CHINA,HKD,BOND,GOVT,HK-NOTE,Sovereign Bonds,,6/25/2008,6/25/2018,t+1,103.284,0.475412407,AA+,50000,1,50000,0.002,0.002,0,17707,1000,0,0,0,0,08:00:00.000,20:00:00.000,Reuters
CustodianAccount1FP,HK0000053535,SOVERGRN,HK,ISIN,HONG KONG SPECIAL ADMINISTRATIVE REGION OF THE PEOPLE'S REPUBLIC OF CHINA,HKD,BOND,GOVT,HK-NOTE,Sovereign Bonds,,9/6/2009,10/6/2019,t+1,104.184,0.562354436,AA+,50000,1,50000,0.002,0.002,0,18175,1000,0,0,0,0,08:00:00.000,20:00:00.000,Reuters
CustodianAccount1FP,HK0000159993,SOVERGRN,HK,ISIN,HONG KONG SPECIAL ADMINISTRATIVE REGION OF THE PEOPLE'S REPUBLIC OF CHINA,HKD,BOND,GOVT,HK-NOTE,Sovereign Bonds,,8/22/2013,8/22/2028,t+1,112.418,1.303709995,AA+,50000,1,50000,0.002,0.002,0,21418,1000,0,0,0,0,08:00:00.000,20:00:00.000,Reuters
CustodianAccount1FP,HK0000164167,SOVERGRN,HK,ISIN,HONG KONG SPECIAL ADMINISTRATIVE REGION OF THE PEOPLE'S REPUBLIC OF CHINA,HKD,BOND,GOVT,HK-NOTE,Sovereign Bonds,,9/25/2013,9/25/2018,t+1,101.408,0.451949739,AA+,50000,1,50000,0.002,0.002,0,17799,1000,0,0,0,0,08:00:00.000,20:00:00.000,Reuters
CustodianAccount1FP,NO0010646813,SOVERGRN,NO,ISIN,"NORWAY, KINGDOM OF (GOVERNMENT)",NOK,BOND,GOVT,NO-BOND,Sovereign Bonds,,5/24/2012,5/24/2023,t+2,105.105,1.11255351,AAA,1000,1,1000,0.002,0.002,0,19501,1000,0,0,0,0,08:00:00.000,20:00:00.000,Reuters
CustodianAccount1FP,NO0010572878,SOVERGRN,NO,ISIN,"NORWAY, KINGDOM OF (GOVERNMENT)",NOK,BOND,GOVT,NO-BOND,Sovereign Bonds,,5/25/2010,5/25/2021,t+2,99.7795,0.399664669,AAA,1000,1,1000,0.002,0.002,0,17520,1000,0,0,0,0,08:00:00.000,20:00:00.000,Reuters
CustodianAccount1FP,SG7928920854,SOVERGRN,SG,ISIN,"SINGAPORE, REPUBLIC OF (GOVERNMENT)",SGD,BOND,GOVT,SG-BOND,Sovereign Bonds,,1/9/2005,1/9/2020,t+1,106.09,1.330277132,AAA,1000,1,1000,0.002,0.002,0,18270,1000,0,0,0,0,08:00:00.000,20:00:00.000,Reuters
CustodianAccount1FP,SG7J28931946,SOVERGRN,SG,ISIN,"SINGAPORE, REPUBLIC OF (GOVERNMENT)",SGD,BOND,GOVT,SG-BOND,Sovereign Bonds,,3/9/2007,1/9/2022,t+1,107.47,1.63482643,AAA,1000,1,1000,0.002,0.002,0,19001,1000,0,0,0,0,08:00:00.000,20:00:00.000,Reuters
CustodianAccount1FP,US912796LC15,SOVERGRN,US,ISIN,UNITED STATES TREASURY,USD,BOND,GOVT,US-TBILL,MM Instruments,,5/1/2017,4/1/2018,t+1,1.05,1.070462053,AAA,100,1,100,0.002,0.002,0,17622,1000,0,0,0,0,08:00:00.000,20:00:00.000,Reuters
CustodianAccount1FP,US912796LJ67,SOVERGRN,US,ISIN,UNITED STATES TREASURY,USD,BOND,GOVT,US-TBILL,MM Instruments,,2/2/2017,1/2/2018,t+1,1.0475,1.068233186,AAA,100,1,100,0.002,0.002,0,17533,1000,0,0,0,0,08:00:00.000,20:00:00.000,Reuters
CustodianAccount1FP,US912803AT02,SOVERGRN,US,ISIN,UNITED STATES TREASURY,USD,BOND,GOVT,US-STRIP,Sovereign Bonds,,5/15/1990,5/15/2020,t+1,95.762,1.470078714,AAA,100,1,100,0.002,0.002,0,18397,1000,0,0,0,0,08:00:00.000,20:00:00.000,Reuters
CustodianAccount1FP,US912803AU74,SOVERGRN,US,ISIN,UNITED STATES TREASURY,USD,BOND,GOVT,US-STRIP,Sovereign Bonds,,8/15/1990,8/15/2020,t+1,95.2435,1.523978021,AAA,100,1,100,0.002,0.002,0,18489,1000,0,0,0,0,08:00:00.000,20:00:00.000,Reuters
CustodianAccount1FP,US912803DQ36,SOVERGRN,US,ISIN,UNITED STATES TREASURY,USD,BOND,GOVT,US-STRIP,Sovereign Bonds,,2/15/2011,2/15/2041,t+1,50.202,2.927661161,AAA,100,1,100,0.002,0.002,0,25978,1000,0,0,0,0,08:00:00.000,20:00:00.000,Reuters
CustodianAccount1FP,XS1202689888,AGENCY,GB,ISIN,BANK OF ENGLAND,USD,BOND,GOVT,GB-GILT,Sovereign Bonds,,3/16/2015,3/16/2018,t+2,99.955,1.30669214,AA,1000,1,1000,0.002,0.002,0,17606,1000,0,0,0,0,08:00:00.000,20:00:00.000,Reuters
CustodianAccount1FP,XS1378790262,AGENCY,GB,ISIN,BANK OF ENGLAND,USD,BOND,GOVT,GB-GILT,Sovereign Bonds,,3/14/2016,3/14/2019,t+2,99.605,1.47457026,AA,1000,1,1000,0.002,0.002,0,17969,1000,0,0,0,0,08:00:00.000,20:00:00.000,Reuters
